sample_id,fabric_type,defect_type,descriptor,patch_accuracy,patch_precision,patch_recall,patch_f1,patch_specificity,patch_tp,patch_fp,patch_tn,patch_fn,pixel_iou,pixel_dice,pixel_precision,pixel_recall,gt_defect_pixels,pred_defect_pixels
Fabric01_Plain_broken_end.png,Fabric01_Plain,broken_end,GLCM+LBP (Fused),0.967741935483871,0.8333333333333334,1.0,0.9090909090909091,0.9615384615384616,5,1,25,0,0.01220703125,0.0241196333815726,0.01220703125,1.0,2400,196608
Fabric01_Plain_broken_pick.png,Fabric01_Plain,broken_pick,GLCM+LBP (Fused),0.967741935483871,0.75,1.0,0.8571428571428571,0.9642857142857143,3,1,27,0,0.009375,0.018575851393188854,0.009375,1.0,1536,163840
Fabric01_Plain_contamination.png,Fabric01_Plain,contamination,GLCM+LBP (Fused),0.9354838709677419,0.5,1.0,0.6666666666666666,0.9310344827586207,2,2,27,0,0.028265380859375,0.05497682093654101,0.028265380859375,1.0,4631,163840
Fabric01_Plain_cut_selvage.png,Fabric01_Plain,cut_selvage,GLCM+LBP (Fused),1.0,1.0,1.0,1.0,1.0,3,0,28,0,0.0214080810546875,0.04191876185781084,0.0214080810546875,1.0,2806,131072
Fabric01_Plain_fuzzy_ball.png,Fabric01_Plain,fuzzy_ball,GLCM+LBP (Fused),0.967741935483871,0.6666666666666666,1.0,0.8,0.9655172413793104,2,1,28,0,0.01367950439453125,0.026989801678395365,0.01367950439453125,1.0,1793,131072
Fabric02_Twill_broken_end.png,Fabric02_Twill,broken_end,GLCM+LBP (Fused),0.9032258064516129,0.6666666666666666,0.8,0.7272727272727272,0.9230769230769231,4,2,24,1,0.01220703125,0.0241196333815726,0.01220703125,1.0,2400,196608
Fabric02_Twill_broken_pick.png,Fabric02_Twill,broken_pick,GLCM+LBP (Fused),0.967741935483871,0.75,1.0,0.8571428571428571,0.9642857142857143,3,1,27,0,0.009375,0.018575851393188854,0.009375,1.0,1536,163840
Fabric02_Twill_contamination.png,Fabric02_Twill,contamination,GLCM+LBP (Fused),0.9354838709677419,0.5,1.0,0.6666666666666666,0.9310344827586207,2,2,27,0,0.047108968098958336,0.08997911303249624,0.047108968098958336,1.0,4631,98304
Fabric02_Twill_cut_selvage.png,Fabric02_Twill,cut_selvage,GLCM+LBP (Fused),0.9032258064516129,0.5,0.6666666666666666,0.5714285714285715,0.9285714285714286,2,2,26,1,0.01712646484375,0.03367617584580488,0.01712646484375,1.0,2806,163840
Fabric02_Twill_fuzzy_ball.png,Fabric02_Twill,fuzzy_ball,GLCM+LBP (Fused),1.0,1.0,1.0,1.0,1.0,2,0,29,0,0.018239339192708332,0.03582524950797726,0.018239339192708332,1.0,1793,98304
Fabric03_Satin_broken_end.png,Fabric03_Satin,broken_end,GLCM+LBP (Fused),0.9354838709677419,0.8,0.8,0.8000000000000002,0.9615384615384616,4,1,25,1,0.0146484375,0.028873917228103944,0.0146484375,1.0,2400,163840
Fabric03_Satin_broken_pick.png,Fabric03_Satin,broken_pick,GLCM+LBP (Fused),0.9032258064516129,0.5,1.0,0.6666666666666666,0.8928571428571429,3,3,25,0,0.006696428571428571,0.013303769401330377,0.006696428571428571,1.0,1536,229376
Fabric03_Satin_contamination.png,Fabric03_Satin,contamination,GLCM+LBP (Fused),0.967741935483871,0.6666666666666666,1.0,0.8,0.9655172413793104,2,1,28,0,0.047108968098958336,0.08997911303249624,0.047108968098958336,1.0,4631,98304
Fabric03_Satin_cut_selvage.png,Fabric03_Satin,cut_selvage,GLCM+LBP (Fused),1.0,1.0,1.0,1.0,1.0,3,0,28,0,0.0214080810546875,0.04191876185781084,0.0214080810546875,1.0,2806,131072
