image_path,mask_path,fabric_type,is_defective,defect_type,filename
D:\DIP_2026_FabricSurfaceDefectDetection_15\data\raw\defect_free\Fabric01_Plain_clean_01.png,,Fabric01_Plain,False,none,Fabric01_Plain_clean_01.png
D:\DIP_2026_FabricSurfaceDefectDetection_15\data\raw\defect_free\Fabric01_Plain_clean_02.png,,Fabric01_Plain,False,none,Fabric01_Plain_clean_02.png
D:\DIP_2026_FabricSurfaceDefectDetection_15\data\raw\defective\Fabric01_Plain_broken_pick.png,D:\DIP_2026_FabricSurfaceDefectDetection_15\data\raw\masks\Fabric01_Plain_broken_pick_mask.png,Fabric01_Plain,True,broken_pick,Fabric01_Plain_broken_pick.png
D:\DIP_2026_FabricSurfaceDefectDetection_15\data\raw\defective\Fabric01_Plain_broken_end.png,D:\DIP_2026_FabricSurfaceDefectDetection_15\data\raw\masks\Fabric01_Plain_broken_end_mask.png,Fabric01_Plain,True,broken_end,Fabric01_Plain_broken_end.png
D:\DIP_2026_FabricSurfaceDefectDetection_15\data\raw\defective\Fabric01_Plain_fuzzy_ball.png,D:\DIP_2026_FabricSurfaceDefectDetection_15\data\raw\masks\Fabric01_Plain_fuzzy_ball_mask.png,Fabric01_Plain,True,fuzzy_ball,Fabric01_Plain_fuzzy_ball.png
D:\DIP_2026_FabricSurfaceDefectDetection_15\data\raw\defective\Fabric01_Plain_contamination.png,D:\DIP_2026_FabricSurfaceDefectDetection_15\data\raw\masks\Fabric01_Plain_contamination_mask.png,Fabric01_Plain,True,contamination,Fabric01_Plain_contamination.png
D:\DIP_2026_FabricSurfaceDefectDetection_15\data\raw\defective\Fabric01_Plain_cut_selvage.png,D:\DIP_2026_FabricSurfaceDefectDetection_15\data\raw\masks\Fabric01_Plain_cut_selvage_mask.png,Fabric01_Plain,True,cut_selvage,Fabric01_Plain_cut_selvage.png
D:\DIP_2026_FabricSurfaceDefectDetection_15\data\raw\defect_free\Fabric02_Twill_clean_01.png,,Fabric02_Twill,False,none,Fabric02_Twill_clean_01.png
D:\DIP_2026_FabricSurfaceDefectDetection_15\data\raw\defect_free\Fabric02_Twill_clean_02.png,,Fabric02_Twill,False,none,Fabric02_Twill_clean_02.png
D:\DIP_2026_FabricSurfaceDefectDetection_15\data\raw\defective\Fabric02_Twill_broken_pick.png,D:\DIP_2026_FabricSurfaceDefectDetection_15\data\raw\masks\Fabric02_Twill_broken_pick_mask.png,Fabric02_Twill,True,broken_pick,Fabric02_Twill_broken_pick.png
D:\DIP_2026_FabricSurfaceDefectDetection_15\data\raw\defective\Fabric02_Twill_broken_end.png,D:\DIP_2026_FabricSurfaceDefectDetection_15\data\raw\masks\Fabric02_Twill_broken_end_mask.png,Fabric02_Twill,True,broken_end,Fabric02_Twill_broken_end.png
D:\DIP_2026_FabricSurfaceDefectDetection_15\data\raw\defective\Fabric02_Twill_fuzzy_ball.png,D:\DIP_2026_FabricSurfaceDefectDetection_15\data\raw\masks\Fabric02_Twill_fuzzy_ball_mask.png,Fabric02_Twill,True,fuzzy_ball,Fabric02_Twill_fuzzy_ball.png
D:\DIP_2026_FabricSurfaceDefectDetection_15\data\raw\defective\Fabric02_Twill_contamination.png,D:\DIP_2026_FabricSurfaceDefectDetection_15\data\raw\masks\Fabric02_Twill_contamination_mask.png,Fabric02_Twill,True,contamination,Fabric02_Twill_contamination.png
D:\DIP_2026_FabricSurfaceDefectDetection_15\data\raw\defective\Fabric02_Twill_cut_selvage.png,D:\DIP_2026_FabricSurfaceDefectDetection_15\data\raw\masks\Fabric02_Twill_cut_selvage_mask.png,Fabric02_Twill,True,cut_selvage,Fabric02_Twill_cut_selvage.png
D:\DIP_2026_FabricSurfaceDefectDetection_15\data\raw\defect_free\Fabric03_Satin_clean_01.png,,Fabric03_Satin,False,none,Fabric03_Satin_clean_01.png
D:\DIP_2026_FabricSurfaceDefectDetection_15\data\raw\defect_free\Fabric03_Satin_clean_02.png,,Fabric03_Satin,False,none,Fabric03_Satin_clean_02.png
D:\DIP_2026_FabricSurfaceDefectDetection_15\data\raw\defective\Fabric03_Satin_broken_pick.png,D:\DIP_2026_FabricSurfaceDefectDetection_15\data\raw\masks\Fabric03_Satin_broken_pick_mask.png,Fabric03_Satin,True,broken_pick,Fabric03_Satin_broken_pick.png
D:\DIP_2026_FabricSurfaceDefectDetection_15\data\raw\defective\Fabric03_Satin_broken_end.png,D:\DIP_2026_FabricSurfaceDefectDetection_15\data\raw\masks\Fabric03_Satin_broken_end_mask.png,Fabric03_Satin,True,broken_end,Fabric03_Satin_broken_end.png
D:\DIP_2026_FabricSurfaceDefectDetection_15\data\raw\defective\Fabric03_Satin_fuzzy_ball.png,D:\DIP_2026_FabricSurfaceDefectDetection_15\data\raw\masks\Fabric03_Satin_fuzzy_ball_mask.png,Fabric03_Satin,True,fuzzy_ball,Fabric03_Satin_fuzzy_ball.png
D:\DIP_2026_FabricSurfaceDefectDetection_15\data\raw\defective\Fabric03_Satin_contamination.png,D:\DIP_2026_FabricSurfaceDefectDetection_15\data\raw\masks\Fabric03_Satin_contamination_mask.png,Fabric03_Satin,True,contamination,Fabric03_Satin_contamination.png
D:\DIP_2026_FabricSurfaceDefectDetection_15\data\raw\defective\Fabric03_Satin_cut_selvage.png,D:\DIP_2026_FabricSurfaceDefectDetection_15\data\raw\masks\Fabric03_Satin_cut_selvage_mask.png,Fabric03_Satin,True,cut_selvage,Fabric03_Satin_cut_selvage.png
D:\DIP_2026_FabricSurfaceDefectDetection_15\data\raw\defect_free\Fabric04_Rib_clean_01.png,,Fabric04_Rib,False,none,Fabric04_Rib_clean_01.png
D:\DIP_2026_FabricSurfaceDefectDetection_15\data\raw\defect_free\Fabric04_Rib_clean_02.png,,Fabric04_Rib,False,none,Fabric04_Rib_clean_02.png
D:\DIP_2026_FabricSurfaceDefectDetection_15\data\raw\defective\Fabric04_Rib_broken_pick.png,D:\DIP_2026_FabricSurfaceDefectDetection_15\data\raw\masks\Fabric04_Rib_broken_pick_mask.png,Fabric04_Rib,True,broken_pick,Fabric04_Rib_broken_pick.png
D:\DIP_2026_FabricSurfaceDefectDetection_15\data\raw\defective\Fabric04_Rib_broken_end.png,D:\DIP_2026_FabricSurfaceDefectDetection_15\data\raw\masks\Fabric04_Rib_broken_end_mask.png,Fabric04_Rib,True,broken_end,Fabric04_Rib_broken_end.png
D:\DIP_2026_FabricSurfaceDefectDetection_15\data\raw\defective\Fabric04_Rib_fuzzy_ball.png,D:\DIP_2026_FabricSurfaceDefectDetection_15\data\raw\masks\Fabric04_Rib_fuzzy_ball_mask.png,Fabric04_Rib,True,fuzzy_ball,Fabric04_Rib_fuzzy_ball.png
D:\DIP_2026_FabricSurfaceDefectDetection_15\data\raw\defective\Fabric04_Rib_contamination.png,D:\DIP_2026_FabricSurfaceDefectDetection_15\data\raw\masks\Fabric04_Rib_contamination_mask.png,Fabric04_Rib,True,contamination,Fabric04_Rib_contamination.png
D:\DIP_2026_FabricSurfaceDefectDetection_15\data\raw\defective\Fabric04_Rib_cut_selvage.png,D:\DIP_2026_FabricSurfaceDefectDetection_15\data\raw\masks\Fabric04_Rib_cut_selvage_mask.png,Fabric04_Rib,True,cut_selvage,Fabric04_Rib_cut_selvage.png
D:\DIP_2026_FabricSurfaceDefectDetection_15\data\raw\defect_free\Fabric05_Basket_clean_01.png,,Fabric05_Basket,False,none,Fabric05_Basket_clean_01.png
D:\DIP_2026_FabricSurfaceDefectDetection_15\data\raw\defect_free\Fabric05_Basket_clean_02.png,,Fabric05_Basket,False,none,Fabric05_Basket_clean_02.png
D:\DIP_2026_FabricSurfaceDefectDetection_15\data\raw\defective\Fabric05_Basket_broken_pick.png,D:\DIP_2026_FabricSurfaceDefectDetection_15\data\raw\masks\Fabric05_Basket_broken_pick_mask.png,Fabric05_Basket,True,broken_pick,Fabric05_Basket_broken_pick.png
D:\DIP_2026_FabricSurfaceDefectDetection_15\data\raw\defective\Fabric05_Basket_broken_end.png,D:\DIP_2026_FabricSurfaceDefectDetection_15\data\raw\masks\Fabric05_Basket_broken_end_mask.png,Fabric05_Basket,True,broken_end,Fabric05_Basket_broken_end.png
D:\DIP_2026_FabricSurfaceDefectDetection_15\data\raw\defective\Fabric05_Basket_fuzzy_ball.png,D:\DIP_2026_FabricSurfaceDefectDetection_15\data\raw\masks\Fabric05_Basket_fuzzy_ball_mask.png,Fabric05_Basket,True,fuzzy_ball,Fabric05_Basket_fuzzy_ball.png
D:\DIP_2026_FabricSurfaceDefectDetection_15\data\raw\defective\Fabric05_Basket_contamination.png,D:\DIP_2026_FabricSurfaceDefectDetection_15\data\raw\masks\Fabric05_Basket_contamination_mask.png,Fabric05_Basket,True,contamination,Fabric05_Basket_contamination.png
D:\DIP_2026_FabricSurfaceDefectDetection_15\data\raw\defective\Fabric05_Basket_cut_selvage.png,D:\DIP_2026_FabricSurfaceDefectDetection_15\data\raw\masks\Fabric05_Basket_cut_selvage_mask.png,Fabric05_Basket,True,cut_selvage,Fabric05_Basket_cut_selvage.png
D:\DIP_2026_FabricSurfaceDefectDetection_15\data\raw\defect_free\Fabric06_Jacquard_clean_01.png,,Fabric06_Jacquard,False,none,Fabric06_Jacquard_clean_01.png
D:\DIP_2026_FabricSurfaceDefectDetection_15\data\raw\defect_free\Fabric06_Jacquard_clean_02.png,,Fabric06_Jacquard,False,none,Fabric06_Jacquard_clean_02.png
D:\DIP_2026_FabricSurfaceDefectDetection_15\data\raw\defective\Fabric06_Jacquard_broken_pick.png,D:\DIP_2026_FabricSurfaceDefectDetection_15\data\raw\masks\Fabric06_Jacquard_broken_pick_mask.png,Fabric06_Jacquard,True,broken_pick,Fabric06_Jacquard_broken_pick.png
D:\DIP_2026_FabricSurfaceDefectDetection_15\data\raw\defective\Fabric06_Jacquard_broken_end.png,D:\DIP_2026_FabricSurfaceDefectDetection_15\data\raw\masks\Fabric06_Jacquard_broken_end_mask.png,Fabric06_Jacquard,True,broken_end,Fabric06_Jacquard_broken_end.png
D:\DIP_2026_FabricSurfaceDefectDetection_15\data\raw\defective\Fabric06_Jacquard_fuzzy_ball.png,D:\DIP_2026_FabricSurfaceDefectDetection_15\data\raw\masks\Fabric06_Jacquard_fuzzy_ball_mask.png,Fabric06_Jacquard,True,fuzzy_ball,Fabric06_Jacquard_fuzzy_ball.png
D:\DIP_2026_FabricSurfaceDefectDetection_15\data\raw\defective\Fabric06_Jacquard_contamination.png,D:\DIP_2026_FabricSurfaceDefectDetection_15\data\raw\masks\Fabric06_Jacquard_contamination_mask.png,Fabric06_Jacquard,True,contamination,Fabric06_Jacquard_contamination.png
D:\DIP_2026_FabricSurfaceDefectDetection_15\data\raw\defective\Fabric06_Jacquard_cut_selvage.png,D:\DIP_2026_FabricSurfaceDefectDetection_15\data\raw\masks\Fabric06_Jacquard_cut_selvage_mask.png,Fabric06_Jacquard,True,cut_selvage,Fabric06_Jacquard_cut_selvage.png
D:\DIP_2026_FabricSurfaceDefectDetection_15\data\raw\defect_free\Fabric07_Herringbone_clean_01.png,,Fabric07_Herringbone,False,none,Fabric07_Herringbone_clean_01.png
D:\DIP_2026_FabricSurfaceDefectDetection_15\data\raw\defect_free\Fabric07_Herringbone_clean_02.png,,Fabric07_Herringbone,False,none,Fabric07_Herringbone_clean_02.png
D:\DIP_2026_FabricSurfaceDefectDetection_15\data\raw\defective\Fabric07_Herringbone_broken_pick.png,D:\DIP_2026_FabricSurfaceDefectDetection_15\data\raw\masks\Fabric07_Herringbone_broken_pick_mask.png,Fabric07_Herringbone,True,broken_pick,Fabric07_Herringbone_broken_pick.png
D:\DIP_2026_FabricSurfaceDefectDetection_15\data\raw\defective\Fabric07_Herringbone_broken_end.png,D:\DIP_2026_FabricSurfaceDefectDetection_15\data\raw\masks\Fabric07_Herringbone_broken_end_mask.png,Fabric07_Herringbone,True,broken_end,Fabric07_Herringbone_broken_end.png
D:\DIP_2026_FabricSurfaceDefectDetection_15\data\raw\defective\Fabric07_Herringbone_fuzzy_ball.png,D:\DIP_2026_FabricSurfaceDefectDetection_15\data\raw\masks\Fabric07_Herringbone_fuzzy_ball_mask.png,Fabric07_Herringbone,True,fuzzy_ball,Fabric07_Herringbone_fuzzy_ball.png
D:\DIP_2026_FabricSurfaceDefectDetection_15\data\raw\defective\Fabric07_Herringbone_contamination.png,D:\DIP_2026_FabricSurfaceDefectDetection_15\data\raw\masks\Fabric07_Herringbone_contamination_mask.png,Fabric07_Herringbone,True,contamination,Fabric07_Herringbone_contamination.png
D:\DIP_2026_FabricSurfaceDefectDetection_15\data\raw\defective\Fabric07_Herringbone_cut_selvage.png,D:\DIP_2026_FabricSurfaceDefectDetection_15\data\raw\masks\Fabric07_Herringbone_cut_selvage_mask.png,Fabric07_Herringbone,True,cut_selvage,Fabric07_Herringbone_cut_selvage.png
